013CH232W-37C SN/03,3,B-‚ -1
013CH232WI-03C SN/01,2,B-‚¤-3
013CH232WI-03C SN/03,4,D-‚¦-1
013CH232WI-08C SN/01,1,F-‚¢-4
013CH232WI-08C SN/03,1,G-‚¢-3
013CH232WI-09C SN/01,1,G-‚¦-2
013CH232WI-09C SN/03,3,B-‚¦-4
013CH232WI-17C SN/01,1,P-‚ -2
013CH232WI-49C SN/03,1,B-‚¢-1
013CH232WI-50C SN/03,2,N-‚¢-3
013CH271-37C SN/01,10,C-‚¢-2
013CH271-37C SN/03,10,O-‚¤-3
013CH271-37C SP/183,10,E-‚¦-1
013CH271I-03C SN/01,1,D-‚ -4
013CH271I-03C SN/03,1,H-‚¤-3
013CH271I-03C SP/183,4,P-‚¦-3
013CH271I-08C SN/03,1,K-‚¢-3
013CH271I-08C SP/183,2,F-‚¦-3
013CH271I-09C SN/01,1,G-‚¤-3
013CH271I-09C SN/02,1,J-‚¦-2
013CH271I-09C SN/03,1,N-‚¦-4
013CH271I-17C SN/01,2,I-‚ -1
013CH271I-17C SN/03,1,I-‚ -3
013CH271I-17C SP/183,4,C-‚¢-3
013CH271I-41C SN/03,1,Q-‚¢-4
013CH271I-41C SP/183,1,H-‚¦-3
013CH271I-42C SN/03,1,L-‚ -1
013CH271I-42C SP/180,1,P-‚¤-3
013CH271I-42C SP/183,1,L-‚¤-3
013CH271I-49C SN/01,3,Q-‚ -1
013CH271I-49C SN/02,1,F-‚¤-3
013CH271I-49C SN/03,1,B-‚¦-2
013CH271I-50C SN/03,1,L-‚¢-3
013CH271I-50C SP/180,2,J-‚¤-1
013CH271I-50C SP/183,2,M-‚ -3
